Workbook

Sheet Detailed Results ALL.T DIFF_ALL
A1: Detailed Model Results
A2: Model Group | B2: Model Name | C2: Mortality Model | D2: ERR | E2: ERR Variability | F2: TP Variability | G2: Age Range | H2: Node | I2: Mean | J2: Trans. Prob Stand. Dev. | K2: ERR Standard Deviation | L2: QALE Mean | M2: QALE 2.5% | N2: QALE 97.5% | O2: LE Mean | P2: LE 2.5% | Q2: LE 97.5% | R2: Creation Date | S2: Web Version | T2: R Version
A3: Grizzly XL YO | B3: Master Model G10 Grizzly XL_TwoAge_5a_6a_14b_15a_B01 | C3: JAGS_Male_2000 | D3: 0.05 | E3: Variable | F3: Smoking initiation and cessation variable | G3: 68 - 72 | H3: DIFF_ALL | I3: 2678.8135 | J3: 0.01 | K3: 0.0099999998 | L3: N/A | M3: N/A | N3: N/A | O3: N/A | P3: N/A | Q3: N/A | R3: 46254.036 | S3: 3.0.0 | T3: 1.8
A4: Grizzly XL YO | B4: Master Model G10 Grizzly XL_TwoAge_5a_6a_14b_15a_B01 | C4: JAGS_Male_2000 | D4: 0.05 | E4: Variable | F4: Smoking initiation and cessation variable | G4: 68 - 72 | H4: ALL.T | I4: 681444.34 | J4: 0.01 | K4: 0.0099999998 | L4: N/A | M4: N/A | N4: N/A | O4: N/A | P4: N/A | Q4: N/A | R4: 46254.036 | S4: 3.0.0 | T4: 1.8
A5: Grizzly XL YO | B5: Master Model G10 Grizzly XL_TwoAge_5a_6a_14b_15a_B01 | C5: JAGS_Male_2000 | D5: 0.1 | E5: Variable | F5: Smoking initiation and cessation variable | G5: 68 - 72 | H5: DIFF_ALL | I5: 2047.4314 | J5: 0.01 | K5: 0.0099999998 | L5: N/A | M5: N/A | N5: N/A | O5: N/A | P5: N/A | Q5: N/A | R5: 46254.036 | S5: 3.0.0 | T5: 1.8
A6: Grizzly XL YO | B6: Master Model G10 Grizzly XL_TwoAge_5a_6a_14b_15a_B01 | C6: JAGS_Male_2000 | D6: 0.1 | E6: Variable | F6: Smoking initiation and cessation variable | G6: 68 - 72 | H6: ALL.T | I6: 680812.96 | J6: 0.01 | K6: 0.0099999998 | L6: N/A | M6: N/A | N6: N/A | O6: N/A | P6: N/A | Q6: N/A | R6: 46254.036 | S6: 3.0.0 | T6: 1.8
A7: Grizzly XL YO | B7: Master Model G10 Grizzly XL_TwoAge_5a_6a_14b_15a_B01 | C7: JAGS_Female_2000 | D7: 0.05 | E7: Variable | F7: Smoking initiation and cessation variable | G7: 68 - 72 | H7: DIFF_ALL | I7: 2294.0699 | J7: 0.01 | K7: 0.0099999998 | L7: N/A | M7: N/A | N7: N/A | O7: N/A | P7: N/A | Q7: N/A | R7: 46254.036 | S7: 3.0.0 | T7: 1.8
A8: Grizzly XL YO | B8: Master Model G10 Grizzly XL_TwoAge_5a_6a_14b_15a_B01 | C8: JAGS_Female_2000 | D8: 0.05 | E8: Variable | F8: Smoking initiation and cessation variable | G8: 68 - 72 | H8: ALL.T | I8: 787255.38 | J8: 0.01 | K8: 0.0099999998 | L8: N/A | M8: N/A | N8: N/A | O8: N/A | P8: N/A | Q8: N/A | R8: 46254.036 | S8: 3.0.0 | T8: 1.8
A9: Grizzly XL YO | B9: Master Model G10 Grizzly XL_TwoAge_5a_6a_14b_15a_B01 | C9: JAGS_Female_2000 | D9: 0.1 | E9: Variable | F9: Smoking initiation and cessation variable | G9: 68 - 72 | H9: DIFF_ALL | I9: 1782.9391 | J9: 0.01 | K9: 0.0099999998 | L9: N/A | M9: N/A | N9: N/A | O9: N/A | P9: N/A | Q9: N/A | R9: 46254.036 | S9: 3.0.0 | T9: 1.8
A10: Grizzly XL YO | B10: Master Model G10 Grizzly XL_TwoAge_5a_6a_14b_15a_B01 | C10: JAGS_Female_2000 | D10: 0.1 | E10: Variable | F10: Smoking initiation and cessation variable | G10: 68 - 72 | H10: ALL.T | I10: 786744.25 | J10: 0.01 | K10: 0.0099999998 | L10: N/A | M10: N/A | N10: N/A | O10: N/A | P10: N/A | Q10: N/A | R10: 46254.036 | S10: 3.0.0 | T10: 1.8
A11: Grizzly XL YO | B11: Master Model G10 Grizzly XL_TwoAge_5a_6a_14b_15a_B02 | C11: JAGS_Male_2000 | D11: 0.05 | E11: Variable | F11: Smoking initiation and cessation variable | G11: 68 - 72 | H11: DIFF_ALL | I11: 2392.2878 | J11: 0.01 | K11: 0.0099999998 | L11: N/A | M11: N/A | N11: N/A | O11: N/A | P11: N/A | Q11: N/A | R11: 46254.036 | S11: 3.0.0 | T11: 1.8
A12: Grizzly XL YO | B12: Master Model G10 Grizzly XL_TwoAge_5a_6a_14b_15a_B02 | C12: JAGS_Male_2000 | D12: 0.05 | E12: Variable | F12: Smoking initiation and cessation variable | G12: 68 - 72 | H12: ALL.T | I12: 681157.82 | J12: 0.01 | K12: 0.0099999998 | L12: N/A | M12: N/A | N12: N/A | O12: N/A | P12: N/A | Q12: N/A | R12: 46254.036 | S12: 3.0.0 | T12: 1.8
A13: Grizzly XL YO | B13: Master Model G10 Grizzly XL_TwoAge_5a_6a_14b_15a_B02 | C13: JAGS_Male_2000 | D13: 0.1 | E13: Variable | F13: Smoking initiation and cessation variable | G13: 68 - 72 | H13: DIFF_ALL | I13: 1908.1311 | J13: 0.01 | K13: 0.0099999998 | L13: N/A | M13: N/A | N13: N/A | O13: N/A | P13: N/A | Q13: N/A | R13: 46254.036 | S13: 3.0.0 | T13: 1.8
A14: Grizzly XL YO | B14: Master Model G10 Grizzly XL_TwoAge_5a_6a_14b_15a_B02 | C14: JAGS_Male_2000 | D14: 0.1 | E14: Variable | F14: Smoking initiation and cessation variable | G14: 68 - 72 | H14: ALL.T | I14: 680673.66 | J14: 0.01 | K14: 0.0099999998 | L14: N/A | M14: N/A | N14: N/A | O14: N/A | P14: N/A | Q14: N/A | R14: 46254.036 | S14: 3.0.0 | T14: 1.8
... A353: Grizzly XL YO | B353: Master Model G25 Grizzly XL Relapse_TwoAge_B11 | C353: JAGS_Female_2000 | D353: 0.1 | E353: Variable | F353: Smoking initiation and cessation variable | G353: 68 - 72 | H353: DIFF_ALL | I353: 2.02489 | J353: 0.01 | K353: 0.0099999998 | L353: N/A | M353: N/A | N353: N/A | O353: N/A | P353: N/A | Q353: N/A | R353: 46254.793 | S353: 3.0.0 | T353: 1.8
A354: Grizzly XL YO | B354: Master Model G25 Grizzly XL Relapse_TwoAge_B11 | C354: JAGS_Female_2000 | D354: 0.1 | E354: Variable | F354: Smoking initiation and cessation variable | G354: 68 - 72 | H354: ALL.T | I354: 784962.53 | J354: 0.01 | K354: 0.0099999998 | L354: N/A | M354: N/A | N354: N/A | O354: N/A | P354: N/A | Q354: N/A | R354: 46254.793 | S354: 3.0.0 | T354: 1.8

Sheet Pivot and Calcs
G2: Relapse ALL.T | O2: Master Model ALL.T and DIFF_ALL | P2: CF1 | Q2: CF1-BC1 | V2: Check if rows match between Relapse and Master Pivot Tables
E3: Max of Mean | H3: Node | M3: Max of Mean | P3: Node | S3: (CF1-CF2) | T3: CF1-BC1-CF1+CF2
A4: Relapse Key | B4: Gateway | C4: Stacked Type | D4: Birth Cohort | E4: Mortality Model | F4: ERR | G4: Model Name | H4: ALL.T | J4: Gateway | K4: Stacked Type | L4: Birth Cohort | M4: Mortality Model | N4: ERR | O4: Model Name | P4: ALL.T | Q4: DIFF_ALL | S4: Difference, survivors no relapse vs. survivors 50% relapse | T4: Adjusted results, DIFF_ALL | V4: Gateway | W4: StackedType | X4: Birth Cohort | Y4: Mortality Model
A5: =G5&F5&E5 -> Master Model G10 Grizzly XL Relapse_TwoAge_B010.05JAGS_Female_2000 | B5: =IF(ISNUMBER(SEARCH("G10",G5)),"G10","G25") -> G10 | C5: =IF(ISNUMBER(SEARCH("AllAge",G5)),"AllAge","TwoAge") -> TwoAge | D5: =RIGHT(G5,3) -> B01 | E5: JAGS_Female_2000 | F5: 0.05 | G5: Master Model G10 Grizzly XL Relapse_TwoAge_B01 | H5: 787091 | J5: =IF(ISNUMBER(SEARCH("G10",O5)),"G10","G25") -> G10 | K5: =IF(ISNUMBER(SEARCH("AllAge",O5)),"AllAge","TwoAge") -> TwoAge | L5: =RIGHT(O5,3) -> B01 | M5: JAGS_Female_2000 | N5: 0.05 | O5: Master Model G10 Grizzly XL_TwoAge_5a_6a_14b_15a_B01 | P5: 787255 | Q5: 2294 | S5: =ROUND(P5-H5,0) -> 164 | T5: =ROUND(Q5-S5,0) -> 2130 | V5: =EXACT(B5,J5) -> TRUE | W5: =EXACT(C5,K5) -> TRUE | X5: =EXACT(D5,L5) -> TRUE | Y5: =EXACT(E5,M5) -> TRUE
A6: =G6&F6&E6 -> Master Model G10 Grizzly XL Relapse_TwoAge_B020.05JAGS_Female_2000 | B6: =IF(ISNUMBER(SEARCH("G10",G6)),"G10","G25") -> G10 | C6: =IF(ISNUMBER(SEARCH("AllAge",G6)),"AllAge","TwoAge") -> TwoAge | D6: =RIGHT(G6,3) -> B02 | E6: JAGS_Female_2000 | F6: 0.05 | G6: Master Model G10 Grizzly XL Relapse_TwoAge_B02 | H6: 786804 | J6: =IF(ISNUMBER(SEARCH("G10",O6)),"G10","G25") -> G10 | K6: =IF(ISNUMBER(SEARCH("AllAge",O6)),"AllAge","TwoAge") -> TwoAge | L6: =RIGHT(O6,3) -> B02 | M6: JAGS_Female_2000 | N6: 0.05 | O6: Master Model G10 Grizzly XL_TwoAge_5a_6a_14b_15a_B02 | P6: 786973 | Q6: 2012 | S6: =ROUND(P6-H6,0) -> 169 | T6: =ROUND(Q6-S6,0) -> 1843 | V6: =EXACT(B6,J6) -> TRUE | W6: =EXACT(C6,K6) -> TRUE | X6: =EXACT(D6,L6) -> TRUE | Y6: =EXACT(E6,M6) -> TRUE
A7: =G7&F7&E7 -> Master Model G10 Grizzly XL Relapse_TwoAge_B030.05JAGS_Female_2000 | B7: =IF(ISNUMBER(SEARCH("G10",G7)),"G10","G25") -> G10 | C7: =IF(ISNUMBER(SEARCH("AllAge",G7)),"AllAge","TwoAge") -> TwoAge | D7: =RIGHT(G7,3) -> B03 | E7: JAGS_Female_2000 | F7: 0.05 | G7: Master Model G10 Grizzly XL Relapse_TwoAge_B03 | H7: 786062 | J7: =IF(ISNUMBER(SEARCH("G10",O7)),"G10","G25") -> G10 | K7: =IF(ISNUMBER(SEARCH("AllAge",O7)),"AllAge","TwoAge") -> TwoAge | L7: =RIGHT(O7,3) -> B03 | M7: JAGS_Female_2000 | N7: 0.05 | O7: Master Model G10 Grizzly XL_TwoAge_5a_6a_14b_15a_B03 | P7: 786241 | Q7: 1279 | S7: =ROUND(P7-H7,0) -> 179 | T7: =ROUND(Q7-S7,0) -> 1100 | V7: =EXACT(B7,J7) -> TRUE | W7: =EXACT(C7,K7) -> TRUE | X7: =EXACT(D7,L7) -> TRUE | Y7: =EXACT(E7,M7) -> TRUE
A8: =G8&F8&E8 -> Master Model G10 Grizzly XL Relapse_TwoAge_B040.05JAGS_Female_2000 | B8: =IF(ISNUMBER(SEARCH("G10",G8)),"G10","G25") -> G10 | C8: =IF(ISNUMBER(SEARCH("AllAge",G8)),"AllAge","TwoAge") -> TwoAge | D8: =RIGHT(G8,3) -> B04 | E8: JAGS_Female_2000 | F8: 0.05 | G8: Master Model G10 Grizzly XL Relapse_TwoAge_B04 | H8: 785657 | J8: =IF(ISNUMBER(SEARCH("G10",O8)),"G10","G25") -> G10 | K8: =IF(ISNUMBER(SEARCH("AllAge",O8)),"AllAge","TwoAge") -> TwoAge | L8: =RIGHT(O8,3) -> B04 | M8: JAGS_Female_2000 | N8: 0.05 | O8: Master Model G10 Grizzly XL_TwoAge_5a_6a_14b_15a_B04 | P8: 785814 | Q8: 853 | S8: =ROUND(P8-H8,0) -> 157 | T8: =ROUND(Q8-S8,0) -> 696 | V8: =EXACT(B8,J8) -> TRUE | W8: =EXACT(C8,K8) -> TRUE | X8: =EXACT(D8,L8) -> TRUE | Y8: =EXACT(E8,M8) -> TRUE
A9: =G9&F9&E9 -> Master Model G10 Grizzly XL Relapse_TwoAge_B050.05JAGS_Female_2000 | B9: =IF(ISNUMBER(SEARCH("G10",G9)),"G10","G25") -> G10 | C9: =IF(ISNUMBER(SEARCH("AllAge",G9)),"AllAge","TwoAge") -> TwoAge | D9: =RIGHT(G9,3) -> B05 | E9: JAGS_Female_2000 | F9: 0.05 | G9: Master Model G10 Grizzly XL Relapse_TwoAge_B05 | H9: 785456 | J9: =IF(ISNUMBER(SEARCH("G10",O9)),"G10","G25") -> G10 | K9: =IF(ISNUMBER(SEARCH("AllAge",O9)),"AllAge","TwoAge") -> TwoAge | L9: =RIGHT(O9,3) -> B05 | M9: JAGS_Female_2000 | N9: 0.05 | O9: Master Model G10 Grizzly XL_TwoAge_5a_6a_14b_15a_B05 | P9: 785557 | Q9: 596 | S9: =ROUND(P9-H9,0) -> 101 | T9: =ROUND(Q9-S9,0) -> 495 | V9: =EXACT(B9,J9) -> TRUE | W9: =EXACT(C9,K9) -> TRUE | X9: =EXACT(D9,L9) -> TRUE | Y9: =EXACT(E9,M9) -> TRUE
A10: =G10&F10&E10 -> Master Model G10 Grizzly XL Relapse_TwoAge_B060.05JAGS_Female_2000 | B10: =IF(ISNUMBER(SEARCH("G10",G10)),"G10","G25") -> G10 | C10: =IF(ISNUMBER(SEARCH("AllAge",G10)),"AllAge","TwoAge") -> TwoAge | D10: =RIGHT(G10,3) -> B06 | E10: JAGS_Female_2000 | F10: 0.05 | G10: Master Model G10 Grizzly XL Relapse_TwoAge_B06 | H10: 785295 | J10: =IF(ISNUMBER(SEARCH("G10",O10)),"G10","G25") -> G10 | K10: =IF(ISNUMBER(SEARCH("AllAge",O10)),"AllAge","TwoAge") -> TwoAge | L10: =RIGHT(O10,3) -> B06 | M10: JAGS_Female_2000 | N10: 0.05 | O10: Master Model G10 Grizzly XL_TwoAge_5a_6a_14b_15a_B06 | P10: 785373 | Q10: 412 | S10: =ROUND(P10-H10,0) -> 78 | T10: =ROUND(Q10-S10,0) -> 334 | V10: =EXACT(B10,J10) -> TRUE | W10: =EXACT(C10,K10) -> TRUE | X10: =EXACT(D10,L10) -> TRUE | Y10: =EXACT(E10,M10) -> TRUE
A11: =G11&F11&E11 -> Master Model G10 Grizzly XL Relapse_TwoAge_B070.05JAGS_Female_2000 | B11: =IF(ISNUMBER(SEARCH("G10",G11)),"G10","G25") -> G10 | C11: =IF(ISNUMBER(SEARCH("AllAge",G11)),"AllAge","TwoAge") -> TwoAge | D11: =RIGHT(G11,3) -> B07 | E11: JAGS_Female_2000 | F11: 0.05 | G11: Master Model G10 Grizzly XL Relapse_TwoAge_B07 | H11: 785131 | J11: =IF(ISNUMBER(SEARCH("G10",O11)),"G10","G25") -> G10 | K11: =IF(ISNUMBER(SEARCH("AllAge",O11)),"AllAge","TwoAge") -> TwoAge | L11: =RIGHT(O11,3) -> B07 | M11: JAGS_Female_2000 | N11: 0.05 | O11: Master Model G10 Grizzly XL_TwoAge_5a_6a_14b_15a_B07 | P11: 785172 | Q11: 211 | S11: =ROUND(P11-H11,0) -> 41 | T11: =ROUND(Q11-S11,0) -> 170 | V11: =EXACT(B11,J11) -> TRUE | W11: =EXACT(C11,K11) -> TRUE | X11: =EXACT(D11,L11) -> TRUE | Y11: =EXACT(E11,M11) -> TRUE
A12: =G12&F12&E12 -> Master Model G10 Grizzly XL Relapse_TwoAge_B080.05JAGS_Female_2000 | B12: =IF(ISNUMBER(SEARCH("G10",G12)),"G10","G25") -> G10 | C12: =IF(ISNUMBER(SEARCH("AllAge",G12)),"AllAge","TwoAge") -> TwoAge | D12: =RIGHT(G12,3) -> B08 | E12: JAGS_Female_2000 | F12: 0.05 | G12: Master Model G10 Grizzly XL Relapse_TwoAge_B08 | H12: 785022 | J12: =IF(ISNUMBER(SEARCH("G10",O12)),"G10","G25") -> G10 | K12: =IF(ISNUMBER(SEARCH("AllAge",O12)),"AllAge","TwoAge") -> TwoAge | L12: =RIGHT(O12,3) -> B08 | M12: JAGS_Female_2000 | N12: 0.05 | O12: Master Model G10 Grizzly XL_TwoAge_5a_6a_14b_15a_B08 | P12: 785033 | Q12: 72 | S12: =ROUND(P12-H12,0) -> 11 | T12: =ROUND(Q12-S12,0) -> 61 | V12: =EXACT(B12,J12) -> TRUE | W12: =EXACT(C12,K12) -> TRUE | X12: =EXACT(D12,L12) -> TRUE | Y12: =EXACT(E12,M12) -> TRUE
A13: =G13&F13&E13 -> Master Model G10 Grizzly XL Relapse_TwoAge_B090.05JAGS_Female_2000 | B13: =IF(ISNUMBER(SEARCH("G10",G13)),"G10","G25") -> G10 | C13: =IF(ISNUMBER(SEARCH("AllAge",G13)),"AllAge","TwoAge") -> TwoAge | D13: =RIGHT(G13,3) -> B09 | E13: JAGS_Female_2000 | F13: 0.05 | G13: Master Model G10 Grizzly XL Relapse_TwoAge_B09 | H13: 784976 | J13: =IF(ISNUMBER(SEARCH("G10",O13)),"G10","G25") -> G10 | K13: =IF(ISNUMBER(SEARCH("AllAge",O13)),"AllAge","TwoAge") -> TwoAge | L13: =RIGHT(O13,3) -> B09 | M13: JAGS_Female_2000 | N13: 0.05 | O13: Master Model G10 Grizzly XL_TwoAge_5a_6a_14b_15a_B09 | P13: 784982 | Q13: 21 | S13: =ROUND(P13-H13,0) -> 6 | T13: =ROUND(Q13-S13,0) -> 15 | V13: =EXACT(B13,J13) -> TRUE | W13: =EXACT(C13,K13) -> TRUE | X13: =EXACT(D13,L13) -> TRUE | Y13: =EXACT(E13,M13) -> TRUE
A14: =G14&F14&E14 -> Master Model G10 Grizzly XL Relapse_TwoAge_B100.05JAGS_Female_2000 | B14: =IF(ISNUMBER(SEARCH("G10",G14)),"G10","G25") -> G10 | C14: =IF(ISNUMBER(SEARCH("AllAge",G14)),"AllAge","TwoAge") -> TwoAge | D14: =RIGHT(G14,3) -> B10 | E14: JAGS_Female_2000 | F14: 0.05 | G14: Master Model G10 Grizzly XL Relapse_TwoAge_B10 | H14: 784967 | J14: =IF(ISNUMBER(SEARCH("G10",O14)),"G10","G25") -> G10 | K14: =IF(ISNUMBER(SEARCH("AllAge",O14)),"AllAge","TwoAge") -> TwoAge | L14: =RIGHT(O14,3) -> B10 | M14: JAGS_Female_2000 | N14: 0.05 | O14: Master Model G10 Grizzly XL_TwoAge_5a_6a_14b_15a_B10 | P14: 784970 | Q14: 8 | S14: =ROUND(P14-H14,0) -> 3 | T14: =ROUND(Q14-S14,0) -> 5 | V14: =EXACT(B14,J14) -> TRUE | W14: =EXACT(C14,K14) -> TRUE | X14: =EXACT(D14,L14) -> TRUE | Y14: =EXACT(E14,M14) -> TRUE
A15: =G15&F15&E15 -> Master Model G10 Grizzly XL Relapse_TwoAge_B110.05JAGS_Female_2000 | B15: =IF(ISNUMBER(SEARCH("G10",G15)),"G10","G25") -> G10 | C15: =IF(ISNUMBER(SEARCH("AllAge",G15)),"AllAge","TwoAge") -> TwoAge | D15: =RIGHT(G15,3) -> B11 | E15: JAGS_Female_2000 | F15: 0.05 | G15: Master Model G10 Grizzly XL Relapse_TwoAge_B11 | H15: 784963 | J15: =IF(ISNUMBER(SEARCH("G10",O15)),"G10","G25") -> G10 | K15: =IF(ISNUMBER(SEARCH("AllAge",O15)),"AllAge","TwoAge") -> TwoAge | L15: =RIGHT(O15,3) -> B11 | M15: JAGS_Female_2000 | N15: 0.05 | O15: Master Model G10 Grizzly XL_TwoAge_5a_6a_14b_15a_B11 | P15: 784963 | Q15: 2 | S15: =ROUND(P15-H15,0) -> 0 | T15: =ROUND(Q15-S15,0) -> 2 | V15: =EXACT(B15,J15) -> TRUE | W15: =EXACT(C15,K15) -> TRUE | X15: =EXACT(D15,L15) -> TRUE | Y15: =EXACT(E15,M15) -> TRUE
A16: =G16&F16&E16 -> Master Model G25 Grizzly XL Relapse_TwoAge_B010.05JAGS_Female_2000 | B16: =IF(ISNUMBER(SEARCH("G10",G16)),"G10","G25") -> G25 | C16: =IF(ISNUMBER(SEARCH("AllAge",G16)),"AllAge","TwoAge") -> TwoAge | D16: =RIGHT(G16,3) -> B01 | E16: JAGS_Female_2000 | F16: 0.05 | G16: Master Model G25 Grizzly XL Relapse_TwoAge_B01 | H16: 786713 | J16: =IF(ISNUMBER(SEARCH("G10",O16)),"G10","G25") -> G25 | K16: =IF(ISNUMBER(SEARCH("AllAge",O16)),"AllAge","TwoAge") -> TwoAge | L16: =RIGHT(O16,3) -> B01 | M16: JAGS_Female_2000 | N16: 0.05 | O16: Master Model G25 Grizzly XL_TwoAge_5a_6a_14b_15a_B01 | P16: 786878 | Q16: 1916 | S16: =ROUND(P16-H16,0) -> 165 | T16: =ROUND(Q16-S16,0) -> 1751 | V16: =EXACT(B16,J16) -> TRUE | W16: =EXACT(C16,K16) -> TRUE | X16: =EXACT(D16,L16) -> TRUE | Y16: =EXACT(E16,M16) -> TRUE
... A92: =G92&F92&E92 -> Master Model G25 Grizzly XL Relapse_TwoAge_B110.1JAGS_Male_2000 | B92: =IF(ISNUMBER(SEARCH("G10",G92)),"G10","G25") -> G25 | C92: =IF(ISNUMBER(SEARCH("AllAge",G92)),"AllAge","TwoAge") -> TwoAge | D92: =RIGHT(G92,3) -> B11 | E92: JAGS_Male_2000 | F92: 0.1 | G92: Master Model G25 Grizzly XL Relapse_TwoAge_B11 | H92: 678767 | J92: =IF(ISNUMBER(SEARCH("G10",O92)),"G10","G25") -> G25 | K92: =IF(ISNUMBER(SEARCH("AllAge",O92)),"AllAge","TwoAge") -> TwoAge | L92: =RIGHT(O92,3) -> B11 | M92: JAGS_Male_2000 | N92: 0.1 | O92: Master Model G25 Grizzly XL_TwoAge_5a_6a_14b_15a_B11 | P92: 678768 | Q92: 2 | S92: =ROUND(P92-H92,0) -> 1 | T92: =ROUND(Q92-S92,0) -> 1 | V92: =EXACT(B92,J92) -> TRUE | W92: =EXACT(C92,K92) -> TRUE | X92: =EXACT(D92,L92) -> TRUE | Y92: =EXACT(E92,M92) -> TRUE

Sheet Detailed Results
A1: Detailed Model Results
A2: Model Group | B2: Model Name | C2: Mortality Model | D2: ERR | E2: ERR Variability | F2: TP Variability | G2: Age Range | H2: Node | I2: Mean_Webtool | J2: Key | K2: Mean | L2: QC | M2: Trans. Prob Stand. Dev. | N2: ERR Standard Deviation | O2: Creation Date | P2: Web Version | Q2: R Version
A3: Grizzly XL YO | B3: Master Model G10 Grizzly XL_TwoAge_5a_6a_14b_15a_B01 | C3: JAGS_Male_2000 | D3: 0.05 | E3: Variable | F3: Smoking initiation and cessation variable | G3: 68 - 72 | H3: DIFF_ALL | I3: 2679 | J3: =B3&D3&C3 -> Master Model G10 Grizzly XL_TwoAge_5a_6a_14b_15a_B010.05JAGS_Male_2000 | K3: 2679 | L3: =ROUND(IF(ISNUMBER(SEARCH("Relapse",J3)),_xlfn.XLOOKUP(J3,'Pivot and Calcs'!A:A,'Pivot and Calcs'!T:T),I3),0) -> 2679 | M3: 0.01 | N3: 0.0099999998 | O3: 46254.036 | P3: 3.0.0 | Q3: 1.8
A4: Grizzly XL YO | B4: Master Model G10 Grizzly XL_TwoAge_5a_6a_14b_15a_B01 | C4: JAGS_Male_2000 | D4: 0.1 | E4: Variable | F4: Smoking initiation and cessation variable | G4: 68 - 72 | H4: DIFF_ALL | I4: 2047 | J4: =B4&D4&C4 -> Master Model G10 Grizzly XL_TwoAge_5a_6a_14b_15a_B010.1JAGS_Male_2000 | K4: 2047 | L4: =ROUND(IF(ISNUMBER(SEARCH("Relapse",J4)),_xlfn.XLOOKUP(J4,'Pivot and Calcs'!A:A,'Pivot and Calcs'!T:T),I4),0) -> 2047 | M4: 0.01 | N4: 0.0099999998 | O4: 46254.036 | P4: 3.0.0 | Q4: 1.8
A5: Grizzly XL YO | B5: Master Model G10 Grizzly XL_TwoAge_5a_6a_14b_15a_B01 | C5: JAGS_Female_2000 | D5: 0.05 | E5: Variable | F5: Smoking initiation and cessation variable | G5: 68 - 72 | H5: DIFF_ALL | I5: 2294 | J5: =B5&D5&C5 -> Master Model G10 Grizzly XL_TwoAge_5a_6a_14b_15a_B010.05JAGS_Female_2000 | K5: 2294 | L5: =ROUND(IF(ISNUMBER(SEARCH("Relapse",J5)),_xlfn.XLOOKUP(J5,'Pivot and Calcs'!A:A,'Pivot and Calcs'!T:T),I5),0) -> 2294 | M5: 0.01 | N5: 0.0099999998 | O5: 46254.036 | P5: 3.0.0 | Q5: 1.8
A6: Grizzly XL YO | B6: Master Model G10 Grizzly XL_TwoAge_5a_6a_14b_15a_B01 | C6: JAGS_Female_2000 | D6: 0.1 | E6: Variable | F6: Smoking initiation and cessation variable | G6: 68 - 72 | H6: DIFF_ALL | I6: 1783 | J6: =B6&D6&C6 -> Master Model G10 Grizzly XL_TwoAge_5a_6a_14b_15a_B010.1JAGS_Female_2000 | K6: 1783 | L6: =ROUND(IF(ISNUMBER(SEARCH("Relapse",J6)),_xlfn.XLOOKUP(J6,'Pivot and Calcs'!A:A,'Pivot and Calcs'!T:T),I6),0) -> 1783 | M6: 0.01 | N6: 0.0099999998 | O6: 46254.036 | P6: 3.0.0 | Q6: 1.8
A7: Grizzly XL YO | B7: Master Model G10 Grizzly XL_TwoAge_5a_6a_14b_15a_B02 | C7: JAGS_Male_2000 | D7: 0.05 | E7: Variable | F7: Smoking initiation and cessation variable | G7: 68 - 72 | H7: DIFF_ALL | I7: 2392 | J7: =B7&D7&C7 -> Master Model G10 Grizzly XL_TwoAge_5a_6a_14b_15a_B020.05JAGS_Male_2000 | K7: 2392 | L7: =ROUND(IF(ISNUMBER(SEARCH("Relapse",J7)),_xlfn.XLOOKUP(J7,'Pivot and Calcs'!A:A,'Pivot and Calcs'!T:T),I7),0) -> 2392 | M7: 0.01 | N7: 0.0099999998 | O7: 46254.036 | P7: 3.0.0 | Q7: 1.8
A8: Grizzly XL YO | B8: Master Model G10 Grizzly XL_TwoAge_5a_6a_14b_15a_B02 | C8: JAGS_Male_2000 | D8: 0.1 | E8: Variable | F8: Smoking initiation and cessation variable | G8: 68 - 72 | H8: DIFF_ALL | I8: 1908 | J8: =B8&D8&C8 -> Master Model G10 Grizzly XL_TwoAge_5a_6a_14b_15a_B020.1JAGS_Male_2000 | K8: 1908 | L8: =ROUND(IF(ISNUMBER(SEARCH("Relapse",J8)),_xlfn.XLOOKUP(J8,'Pivot and Calcs'!A:A,'Pivot and Calcs'!T:T),I8),0) -> 1908 | M8: 0.01 | N8: 0.0099999998 | O8: 46254.036 | P8: 3.0.0 | Q8: 1.8
A9: Grizzly XL YO | B9: Master Model G10 Grizzly XL_TwoAge_5a_6a_14b_15a_B02 | C9: JAGS_Female_2000 | D9: 0.05 | E9: Variable | F9: Smoking initiation and cessation variable | G9: 68 - 72 | H9: DIFF_ALL | I9: 2012 | J9: =B9&D9&C9 -> Master Model G10 Grizzly XL_TwoAge_5a_6a_14b_15a_B020.05JAGS_Female_2000 | K9: 2012 | L9: =ROUND(IF(ISNUMBER(SEARCH("Relapse",J9)),_xlfn.XLOOKUP(J9,'Pivot and Calcs'!A:A,'Pivot and Calcs'!T:T),I9),0) -> 2012 | M9: 0.01 | N9: 0.0099999998 | O9: 46254.036 | P9: 3.0.0 | Q9: 1.8
A10: Grizzly XL YO | B10: Master Model G10 Grizzly XL_TwoAge_5a_6a_14b_15a_B02 | C10: JAGS_Female_2000 | D10: 0.1 | E10: Variable | F10: Smoking initiation and cessation variable | G10: 68 - 72 | H10: DIFF_ALL | I10: 1622 | J10: =B10&D10&C10 -> Master Model G10 Grizzly XL_TwoAge_5a_6a_14b_15a_B020.1JAGS_Female_2000 | K10: 1622 | L10: =ROUND(IF(ISNUMBER(SEARCH("Relapse",J10)),_xlfn.XLOOKUP(J10,'Pivot and Calcs'!A:A,'Pivot and Calcs'!T:T),I10),0) -> 1622 | M10: 0.01 | N10: 0.0099999998 | O10: 46254.036 | P10: 3.0.0 | Q10: 1.8
A11: Grizzly XL YO | B11: Master Model G10 Grizzly XL_TwoAge_5a_6a_14b_15a_B03 | C11: JAGS_Male_2000 | D11: 0.05 | E11: Variable | F11: Smoking initiation and cessation variable | G11: 68 - 72 | H11: DIFF_ALL | I11: 1590 | J11: =B11&D11&C11 -> Master Model G10 Grizzly XL_TwoAge_5a_6a_14b_15a_B030.05JAGS_Male_2000 | K11: 1590 | L11: =ROUND(IF(ISNUMBER(SEARCH("Relapse",J11)),_xlfn.XLOOKUP(J11,'Pivot and Calcs'!A:A,'Pivot and Calcs'!T:T),I11),0) -> 1590 | M11: 0.01 | N11: 0.0099999998 | O11: 46254.036 | P11: 3.0.0 | Q11: 1.8
A12: Grizzly XL YO | B12: Master Model G10 Grizzly XL_TwoAge_5a_6a_14b_15a_B03 | C12: JAGS_Male_2000 | D12: 0.1 | E12: Variable | F12: Smoking initiation and cessation variable | G12: 68 - 72 | H12: DIFF_ALL | I12: 1337 | J12: =B12&D12&C12 -> Master Model G10 Grizzly XL_TwoAge_5a_6a_14b_15a_B030.1JAGS_Male_2000 | K12: 1337 | L12: =ROUND(IF(ISNUMBER(SEARCH("Relapse",J12)),_xlfn.XLOOKUP(J12,'Pivot and Calcs'!A:A,'Pivot and Calcs'!T:T),I12),0) -> 1337 | M12: 0.01 | N12: 0.0099999998 | O12: 46254.036 | P12: 3.0.0 | Q12: 1.8
A13: Grizzly XL YO | B13: Master Model G10 Grizzly XL_TwoAge_5a_6a_14b_15a_B03 | C13: JAGS_Female_2000 | D13: 0.05 | E13: Variable | F13: Smoking initiation and cessation variable | G13: 68 - 72 | H13: DIFF_ALL | I13: 1279 | J13: =B13&D13&C13 -> Master Model G10 Grizzly XL_TwoAge_5a_6a_14b_15a_B030.05JAGS_Female_2000 | K13: 1279 | L13: =ROUND(IF(ISNUMBER(SEARCH("Relapse",J13)),_xlfn.XLOOKUP(J13,'Pivot and Calcs'!A:A,'Pivot and Calcs'!T:T),I13),0) -> 1279 | M13: 0.01 | N13: 0.0099999998 | O13: 46254.036 | P13: 3.0.0 | Q13: 1.8
A14: Grizzly XL YO | B14: Master Model G10 Grizzly XL_TwoAge_5a_6a_14b_15a_B03 | C14: JAGS_Female_2000 | D14: 0.1 | E14: Variable | F14: Smoking initiation and cessation variable | G14: 68 - 72 | H14: DIFF_ALL | I14: 1080 | J14: =B14&D14&C14 -> Master Model G10 Grizzly XL_TwoAge_5a_6a_14b_15a_B030.1JAGS_Female_2000 | K14: 1080 | L14: =ROUND(IF(ISNUMBER(SEARCH("Relapse",J14)),_xlfn.XLOOKUP(J14,'Pivot and Calcs'!A:A,'Pivot and Calcs'!T:T),I14),0) -> 1080 | M14: 0.01 | N14: 0.0099999998 | O14: 46254.036 | P14: 3.0.0 | Q14: 1.8
... A178: Grizzly XL YO | B178: Master Model G25 Grizzly XL Relapse_TwoAge_B11 | C178: JAGS_Female_2000 | D178: 0.1 | E178: Variable | F178: Smoking initiation and cessation variable | G178: 68 - 72 | H178: DIFF_ALL | I178: 2 | J178: =B178&D178&C178 -> Master Model G25 Grizzly XL Relapse_TwoAge_B110.1JAGS_Female_2000 | K178: 2 | L178: =ROUND(IF(ISNUMBER(SEARCH("Relapse",J178)),_xlfn.XLOOKUP(J178,'Pivot and Calcs'!A:A,'Pivot and Calcs'!T:T),I178),0) -> 2 | M178: 0.01 | N178: 0.0099999998 | O178: 46254.793 | P178: 3.0.0 | Q178: 1.8
